Species,Size Fraction (um),Leg,Site,Hole,Core,T,Sec,Top (cm),Bottom (cm),mbsf,adjusted rmcd (following off-splice corrections in Westerhold and Rohl 2006 Table T3),Age (Ma; Westerhold et al. 2018),Data Source,d13Cplank
M. velascoensis,300-355,198,1209,A,21,H,5,25,27,194.95,215.05,55.079,"Harper et al., 2024",3.73
M. velascoensis,300-355,198,1209,B,22,H,2,12,13,196.72,218.332,55.096,"Harper et al., 2024",3.82
M. velascoensis,300-355,198,1209,A,21,H,5,45,47,195.15,215.25,55.138,"Harper et al., 2024",3.44
M. velascoensis,300-355,198,1209,A,21,H,5,65,67,195.35,215.45,55.197,"Harper et al., 2024",3.72
M. velascoensis,300-355,198,1209,A,21,H,5,105,107,195.75,215.85,55.332,"Harper et al., 2024",3.7
M. velascoensis,300-355,198,1209,A,21,H,5,115,117,195.85,215.95,55.345,"Harper et al., 2024",3.74
M. velascoensis,300-355,198,1209,A,21,H,5,125,127,195.95,216.05,55.376,"Harper et al., 2024",3.96
M. velascoensis,300-355,198,1209,A,21,H,5,135,137,196.05,216.15,55.411,"Harper et al., 2024",3.6
M. velascoensis,300-355,198,1209,C,11,H,2,105,107,195.55,216.26,55.45,"Harper et al., 2024",3.79
M. velascoensis,300-355,198,1209,C,11,H,2,115,117,195.65,216.36,55.485,"Harper et al., 2024",3.68
M. velascoensis,300-355,198,1209,C,11,H,2,125,127,195.75,216.46,55.52,"Harper et al., 2024",3.84
M. velascoensis,300-355,198,1209,C,11,H,2,145,147,195.95,216.66,55.589,"Harper et al., 2024",3.71
M. velascoensis,300-355,198,1209,C,11,H,3,5,7,196.05,216.76,55.619,"Harper et al., 2024",3.57
M. velascoensis,300-355,198,1209,C,11,H,3,15,17,196.15,216.86,55.649,"Harper et al., 2024",3.86
M. velascoensis,300-355,198,1209,C,11,H,3,25,27,196.25,216.96,55.673,"Harper et al., 2024",4.27
M. velascoensis,300-355,198,1209,C,11,H,3,35,37,196.35,217.06,55.697,"Harper et al., 2024",3.94
M. velascoensis,300-355,198,1209,C,11,H,3,45,47,196.45,217.16,55.722,"Harper et al., 2024",3.52
M. velascoensis,300-355,198,1209,C,11,H,3,55,57,196.55,217.26,55.741,"Harper et al., 2024",3.49
M. velascoensis,300-355,198,1209,C,11,H,3,65,67,196.65,217.36,55.761,"Harper et al., 2024",3.24
M. velascoensis,300-355,198,1209,C,11,H,3,75,77,196.75,217.46,55.781,"Harper et al., 2024",3.34
M. velascoensis,300-355,198,1209,C,11,H,3,85,87,196.85,217.56,55.8,"Harper et al., 2024",3.11
M. velascoensis,300-355,198,1209,C,11,H,3,95,97,196.95,217.66,55.822,"Harper et al., 2024",2.73
M. velascoensis,300-355,198,1209,C,11,H,3,105,107,197.05,217.76,55.853,"Harper et al., 2024",1.74
M. velascoensis,300-355,198,1209,C,11,H,3,115,117,197.15,217.86,55.885,"Harper et al., 2024",1
M. velascoensis,300-355,198,1209,C,11,H,3,125,127,197.25,217.96,55.917,"Harper et al., 2024",3.73
M. velascoensis,300-355,198,1209,C,11,H,3,135,137,197.35,218.06,55.942,"Harper et al., 2024",4.08
M. velascoensis,300-355,198,1209,B,22,H,1,144,145,196.54,218.137,55.959,"Harper et al., 2024",3.94
M. velascoensis,300-355,198,1209,C,11,H,3,145,147,197.45,218.16,55.961,"Harper et al., 2024",4.42
M. velascoensis,300-355,198,1209,B,22,H,1,148,149,196.58,218.18,55.966,"Harper et al., 2024",3.89
M. velascoensis,300-355,198,1209,B,22,H,1,150,151,196.6,218.201,55.97,"Harper et al., 2024",3.91
M. velascoensis,300-355,198,1209,C,11,H,4,5,7,197.55,218.26,55.981,"Harper et al., 2024",4.47
M. velascoensis,300-355,198,1209,B,22,H,2,6,7,196.66,218.267,55.983,"Harper et al., 2024",3.82
M. velascoensis,300-355,198,1209,C,11,H,4,15,17,197.65,218.36,56,"Harper et al., 2024",4.18
M. velascoensis,250-355,198,1209,B,22,H,2,16,17,196.76,218.392,56.007,"Harper et al., 2024",4.15
M. velascoensis,250-355,198,1209,B,22,H,2,21,22,196.81,218.45,56.018,"Harper et al., 2024",3.9
M. velascoensis,300-355,198,1209,C,11,H,4,25,27,197.75,218.46,56.02,"Harper et al., 2024",4.02
M. velascoensis,250-355,198,1209,B,22,H,2,27,28,196.87,218.519,56.032,"Harper et al., 2024",4.19
M. velascoensis,300-355,198,1209,C,11,H,4,35,37,197.85,218.56,56.04,"Harper et al., 2024",3.92
M. velascoensis,250-355,198,1209,B,22,H,2,31,32,196.91,218.565,56.041,"Harper et al., 2024",4.06
M. velascoensis,250-355,198,1209,B,22,H,2,36,37,196.96,218.623,56.052,"Harper et al., 2024",3.95
M. velascoensis,300-355,198,1209,C,11,H,4,45,47,197.95,218.66,56.06,"Harper et al., 2024",3.83
M. velascoensis,250-355,198,1209,B,22,H,2,41,42,197.01,218.68,56.064,"Harper et al., 2024",3.99
M. velascoensis,300-355,198,1209,C,11,H,4,55,57,198.05,218.76,56.079,"Harper et al., 2024",3.24
M. velascoensis,250-355,198,1209,B,22,H,2,51,52,197.11,218.796,56.086,"Harper et al., 2024",4.01
M. velascoensis,250-355,198,1209,B,22,H,2,56,57,197.16,218.853,56.098,"Harper et al., 2024",3.88
M. velascoensis,300-355,198,1209,C,11,H,4,65,67,198.15,218.86,56.099,"Harper et al., 2024",3.27
M. velascoensis,250-355,198,1209,B,22,H,2,61,62,197.21,218.911,56.109,"Harper et al., 2024",3.64
M. velascoensis,300-355,198,1209,C,11,H,4,75,77,198.25,218.96,56.119,"Harper et al., 2024",3.23
M. velascoensis,250-355,198,1209,B,22,H,2,66,67,197.26,218.969,56.12,"Harper et al., 2024",4.01
M. velascoensis,300-355,198,1209,C,11,H,4,85,87,198.35,219.06,56.138,"Harper et al., 2024",3.32
M. velascoensis,300-355,198,1209,C,11,H,5,5,7,199.05,219.76,56.36,"Harper et al., 2024",4.02
M. velascoensis,212-300,198,1209,C,11,H,5,65,67,199.65,220.36,56.555,"Harper et al., 2024",3.79
M. velascoensis,212-300,198,1209,C,11,H,5,75,77,199.75,220.46,56.588,"Harper et al., 2024",3.82
M. velascoensis,300-355,198,1209,B,22,H,3,69,70,198.79,220.5,56.601,"Harper et al., 2024",4.39
M. velascoensis,212-300,198,1209,C,11,H,5,85,87,199.85,220.56,56.621,"Harper et al., 2024",4.24
M. velascoensis,300-355,198,1209,C,11,H,5,105,107,200.05,220.76,56.686,"Harper et al., 2024",4.73
M. velascoensis,300-355,198,1209,C,11,H,5,115,117,200.15,220.86,56.718,"Harper et al., 2024",4.46
M. velascoensis,300-355,198,1209,C,11,H,5,125,127,200.25,220.96,56.752,"Harper et al., 2024",4.5
M. velascoensis,300-355,198,1209,C,11,H,5,135,137,200.35,221.06,56.786,"Harper et al., 2024",4.07
M. velascoensis,300-355,198,1209,C,11,H,5,145,147,200.45,221.16,56.821,"Harper et al., 2024",4.78
M. velascoensis,300-355,198,1209,C,11,H,6,5,7,200.55,221.26,56.856,"Harper et al., 2024",4.36
M. velascoensis,300-355,198,1209,C,11,H,6,15,17,200.65,221.36,56.868,"Harper et al., 2024",4.41
M. velascoensis,300-355,198,1209,C,11,H,6,25,27,200.75,221.46,56.88,"Harper et al., 2024",4.68
M. velascoensis,300-355,198,1209,C,11,H,6,35,37,200.85,221.56,56.893,"Harper et al., 2024",4.63
M. velascoensis,300-355,198,1209,B,22,H,4,35,37,200.05,221.66,56.905,"Harper et al., 2024",4.41
M. velascoensis,300-355,198,1209,C,11,H,6,55,57,201.05,221.76,56.917,"Harper et al., 2024",4.61
M. velascoensis,300-355,198,1209,C,11,H,6,65,67,201.15,221.86,56.929,"Harper et al., 2024",4.73
M. velascoensis,300-355,198,1209,C,11,H,6,75,77,201.25,221.96,56.941,"Harper et al., 2024",4.61
M. velascoensis,300-355,198,1209,C,11,H,6,85,87,201.35,222.06,56.953,"Harper et al., 2024",4.7
M. velascoensis,300-355,198,1209,A,22,H,3,5,7,201.25,222.69,57.057,"Harper et al., 2024",5.04
M. velascoensis,300-355,198,1209,B,22,H,4,148,149,201.18,222.79,57.074,"Harper et al., 2024",4.49
M. velascoensis,300-355,198,1209,A,22,H,3,15,17,201.35,222.79,57.074,"Harper et al., 2024",4.69
M. velascoensis,300-355,198,1209,A,22,H,3,25,27,201.45,222.89,57.091,"Harper et al., 2024",4.77
M. velascoensis,300-355,198,1209,A,22,H,3,35,37,201.55,222.99,57.108,"Harper et al., 2024",4.91
M. velascoensis,300-355,198,1209,A,22,H,3,45,47,201.65,223.09,57.125,"Harper et al., 2024",5.36
M. velascoensis,300-355,198,1209,A,22,H,3,55,57,201.75,223.19,57.141,"Harper et al., 2024",4.87
M. velascoensis,300-355,198,1209,A,22,H,3,65,67,201.85,223.29,57.158,"Harper et al., 2024",4.64
M. velascoensis,300-355,198,1209,A,22,H,3,75,77,201.95,223.39,57.175,"Harper et al., 2024",4.84
M. velascoensis,300-355,198,1209,A,22,H,3,85,87,202.05,223.49,57.192,"Harper et al., 2024",4.78
M. velascoensis,300-355,198,1209,A,22,H,3,95,97,202.15,223.59,57.209,"Harper et al., 2024",4.64
M. velascoensis,300-355,198,1209,B,22,H,5,81,82,202.01,223.62,57.214,"Harper et al., 2024",4.63
M. velascoensis,300-355,198,1209,A,22,H,3,105,107,202.25,223.69,57.226,"Harper et al., 2024",4.44
M. velascoensis,300-355,198,1209,A,22,H,3,115,117,202.35,223.79,57.243,"Harper et al., 2024",4.86
M. velascoensis,300-355,198,1209,A,22,H,3,125,127,202.45,223.89,57.259,"Harper et al., 2024",4.34
M. velascoensis,300-355,198,1209,A,22,H,3,135,137,202.55,223.99,57.275,"Harper et al., 2024",4.6
M. velascoensis,300-355,198,1209,A,22,H,3,145,147,202.65,224.09,57.29,"Harper et al., 2024",4.57
M. velascoensis,300-355,198,1209,A,22,H,4,5,7,202.75,224.19,57.306,"Harper et al., 2024",5.32
M. velascoensis,300-355,198,1209,A,22,H,4,15,17,202.85,224.29,57.322,"Harper et al., 2024",4.96
M. velascoensis,300-355,198,1209,A,22,H,4,25,27,202.95,224.39,57.338,"Harper et al., 2024",4.8
M. velascoensis,300-355,198,1209,A,22,H,4,35,37,203.05,224.49,57.354,"Harper et al., 2024",4.91
M. velascoensis,300-355,198,1209,A,22,H,4,45,47,203.15,224.59,57.369,"Harper et al., 2024",4.34
M. velascoensis,300-355,198,1209,B,22,H,6,12,13,203,224.61,57.371,"Harper et al., 2024",4.36
M. velascoensis,300-355,198,1209,A,22,H,4,55,57,203.25,224.69,57.382,"Harper et al., 2024",4.23
M. velascoensis,300-355,198,1209,A,22,H,4,65,67,203.35,224.79,57.395,"Harper et al., 2024",4.83
M. velascoensis,300-355,198,1209,A,22,H,4,75,77,203.45,224.89,57.408,"Harper et al., 2024",4.75
M. velascoensis,300-355,198,1209,A,22,H,4,85,87,203.55,224.99,57.421,"Harper et al., 2024",4.8
M. velascoensis,300-355,198,1209,A,22,H,4,95,97,203.65,225.09,57.435,"Harper et al., 2024",4.89
M. velascoensis,300-355,198,1209,A,22,H,4,105,107,203.75,225.19,57.448,"Harper et al., 2024",4.67
M. velascoensis,300-355,198,1209,A,22,H,4,115,117,203.85,225.29,57.461,"Harper et al., 2024",5.12
M. velascoensis,300-355,198,1209,A,22,H,4,125,127,203.95,225.39,57.474,"Harper et al., 2024",4.88
M. velascoensis,300-355,198,1209,B,22,H,6,111,112,203.81,225.42,57.478,"Harper et al., 2024",4.56
M. velascoensis,300-355,198,1209,A,22,H,4,135,137,204.05,225.49,57.487,"Harper et al., 2024",4.98
M. velascoensis,300-355,198,1209,A,22,H,4,145,147,204.15,225.59,57.5,"Harper et al., 2024",5.14
M. velascoensis,300-355,198,1209,A,22,H,5,5,7,204.25,225.69,57.514,"Harper et al., 2024",4.99
M. velascoensis,300-355,198,1209,A,22,H,5,15,17,204.35,225.79,57.527,"Harper et al., 2024",4.5
M. velascoensis,300-355,198,1209,A,22,H,5,35,37,204.55,225.99,57.553,"Harper et al., 2024",5.05
M. velascoensis,300-355,198,1209,A,22,H,5,45,47,204.65,226.09,57.566,"Harper et al., 2024",4.65
M. velascoensis,300-355,198,1209,A,22,H,5,55,57,204.75,226.19,57.58,"Harper et al., 2024",4.88
M. velascoensis,300-355,198,1209,A,22,H,5,65,67,204.85,226.29,57.593,"Harper et al., 2024",5.18
M. velascoensis,300-355,198,1209,A,22,H,5,75,77,204.95,226.39,57.606,"Harper et al., 2024",4.82
M. velascoensis,300-355,198,1209,A,22,H,5,85,87,205.05,226.49,57.619,"Harper et al., 2024",4.86
M. velascoensis,300-355,198,1209,A,22,H,5,95,97,205.15,226.59,57.632,"Harper et al., 2024",5.11
M. velascoensis,300-355,198,1209,A,22,H,5,105,107,205.25,226.69,57.645,"Harper et al., 2024",4.61
M. velascoensis,300-355,198,1209,A,22,H,5,115,117,205.35,226.79,57.659,"Harper et al., 2024",4.84
M. velascoensis,300-355,198,1209,A,22,H,5,125,127,205.45,226.89,57.673,"Harper et al., 2024",4.69
M. velascoensis,300-355,198,1209,A,22,H,5,135,137,205.55,226.99,57.687,"Harper et al., 2024",4.94
M. velascoensis,300-355,198,1209,A,22,H,5,145,147,205.65,227.088,57.7,"Harper et al., 2024",4.76
M. velascoensis,300-355,198,1209,C,12,H,2,35,37,204.35,227.14,57.708,"Harper et al., 2024",4.35
M. velascoensis,300-355,198,1209,C,12,H,2,45,47,204.45,227.24,57.722,"Harper et al., 2024",4.69
M. velascoensis,300-355,198,1209,C,12,H,2,55,57,204.55,227.34,57.736,"Harper et al., 2024",4.7
M. velascoensis,300-355,198,1209,C,12,H,2,65,67,204.65,227.44,57.75,"Harper et al., 2024",4.7
M. velascoensis,300-355,198,1209,C,12,H,2,75,77,204.75,227.54,57.764,"Harper et al., 2024",5.14
M. velascoensis,300-355,198,1209,B,23,H,1,1,2,204.61,227.64,57.778,"Harper et al., 2024",4.26
M. velascoensis,300-355,198,1209,C,12,H,2,85,87,204.85,227.64,57.778,"Harper et al., 2024",5.02
M. velascoensis,300-355,198,1209,C,12,H,2,95,97,204.95,227.74,57.792,"Harper et al., 2024",5.06
M. velascoensis,300-355,198,1209,C,12,H,2,105,107,205.05,227.84,57.806,"Harper et al., 2024",5.18
M. velascoensis,300-355,198,1209,C,12,H,2,115,117,205.15,227.94,57.82,"Harper et al., 2024",4.94
M. velascoensis,300-355,198,1209,C,12,H,2,125,127,205.25,228.04,57.834,"Harper et al., 2024",5.38
M. velascoensis,300-355,198,1209,C,12,H,2,135,137,205.35,228.14,57.848,"Harper et al., 2024",5.07
M. velascoensis,300-355,198,1209,B,23,H,1,53,54,205.13,228.16,57.851,"Harper et al., 2024",4.75
M. velascoensis,300-355,198,1209,C,12,H,2,145,147,205.45,228.24,57.862,"Harper et al., 2024",4.96
M. velascoensis,300-355,198,1209,C,12,H,3,5,7,205.55,228.34,57.876,"Harper et al., 2024",5.32
M. velascoensis,300-355,198,1209,C,12,H,3,25,27,205.75,228.54,57.903,"Harper et al., 2024",4.85
M. velascoensis,300-355,198,1209,C,12,H,3,35,37,205.85,228.64,57.917,"Harper et al., 2024",5.05
M. velascoensis,300-355,198,1209,C,12,H,3,45,47,205.95,228.74,57.931,"Harper et al., 2024",5.02
M. velascoensis,300-355,198,1209,C,12,H,3,55,57,206.05,228.84,57.945,"Harper et al., 2024",4.84
M. velascoensis,300-355,198,1209,C,12,H,3,65,67,206.15,228.94,57.959,"Harper et al., 2024",5.6
M. velascoensis,300-355,198,1209,C,12,H,3,75,77,206.25,229.04,57.973,"Harper et al., 2024",5.1
M. velascoensis,300-355,198,1209,C,12,H,3,85,87,206.35,229.14,57.987,"Harper et al., 2024",4.89
M. velascoensis,250-355,198,1209,C,12,H,3,95,97,206.45,229.24,58.001,"Harper et al., 2024",4.95
M. velascoensis,300-355,198,1209,C,12,H,3,95,97,206.45,229.24,58.001,"Harper et al., 2024",5.09
M. velascoensis,250-355,198,1209,C,12,H,3,105,107,206.55,229.34,58.015,"Harper et al., 2024",4.7
M. velascoensis,300-355,198,1209,C,12,H,3,115,117,206.65,229.44,58.029,"Harper et al., 2024",5.19
M. velascoensis,300-355,198,1209,C,12,H,3,125,127,206.75,229.54,58.043,"Harper et al., 2024",5.55
M. velascoensis,300-355,198,1209,C,12,H,3,135,137,206.85,229.64,58.057,"Harper et al., 2024",4.99
M. velascoensis,300-355,198,1209,C,12,H,3,145,147,206.95,229.74,58.071,"Harper et al., 2024",4.89
M. velascoensis,250-355,198,1209,C,12,H,4,5,7,207.05,229.84,58.086,"Harper et al., 2024",4.72
M. velascoensis,300-355,198,1209,C,12,H,4,15,17,207.15,229.94,58.099,"Harper et al., 2024",4.69
M. velascoensis,300-355,198,1209,C,12,H,4,25,27,207.25,230.04,58.113,"Harper et al., 2024",4.88
M. velascoensis,300-355,198,1209,C,12,H,4,35,37,207.35,230.14,58.131,"Harper et al., 2024",4.96
M. velascoensis,300-355,198,1209,C,12,H,4,45,47,207.45,230.24,58.15,"Harper et al., 2024",4.64
M. velascoensis,300-355,198,1209,C,12,H,4,55,57,207.55,230.34,58.169,"Harper et al., 2024",4.92
M. velascoensis,300-355,198,1209,C,12,H,4,65,67,207.65,230.44,58.189,"Harper et al., 2024",5.12
M. velascoensis,300-355,198,1209,C,12,H,4,75,77,207.75,230.54,58.208,"Harper et al., 2024",4.74
M. velascoensis,300-355,198,1209,C,12,H,4,85,87,207.85,230.64,58.228,"Harper et al., 2024",4.83
M. velascoensis,300-355,198,1209,C,12,H,4,95,97,207.95,230.74,58.247,"Harper et al., 2024",4.83
M. velascoensis,300-355,198,1209,C,12,H,4,105,107,208.05,230.84,58.266,"Harper et al., 2024",4.06
M. velascoensis,300-355,198,1209,C,12,H,4,115,117,208.15,230.94,58.286,"Harper et al., 2024",4.43
M. velascoensis,300-355,198,1209,C,12,H,4,125,127,208.25,231.04,58.305,"Harper et al., 2024",4.99
M. velascoensis,300-355,198,1209,C,12,H,4,135,137,208.35,231.14,58.324,"Harper et al., 2024",4.85
M. velascoensis,300-355,198,1209,C,12,H,4,145,147,208.45,231.24,58.344,"Harper et al., 2024",4.44
M. velascoensis,300-355,198,1209,C,12,H,5,5,7,208.55,231.34,58.363,"Harper et al., 2024",4.99
M. velascoensis,300-355,198,1209,C,12,H,5,15,17,208.65,231.44,58.383,"Harper et al., 2024",4.74
M. velascoensis,300-355,198,1209,C,12,H,5,25,27,208.75,231.54,58.402,"Harper et al., 2024",4.33
M. velascoensis,300-355,198,1209,C,12,H,5,35,37,208.85,231.64,58.421,"Harper et al., 2024",4.48
M. velascoensis,300-355,198,1209,C,12,H,5,45,47,208.95,231.74,58.441,"Harper et al., 2024",4.25
M. velascoensis,300-355,198,1209,C,12,H,5,55,57,209.05,231.84,58.46,"Harper et al., 2024",4.86
M. velascoensis,300-355,198,1209,C,12,H,5,65,67,209.15,231.94,58.479,"Harper et al., 2024",4.86
M. velascoensis,300-355,198,1209,C,12,H,5,75,77,209.25,232.04,58.497,"Harper et al., 2024",4.47
M. velascoensis,300-355,198,1209,C,12,H,5,85,87,209.35,232.14,58.516,"Harper et al., 2024",4.58
M. velascoensis,300-355,198,1209,C,12,H,5,95,97,209.45,232.24,58.534,"Harper et al., 2024",4.74
M. velascoensis,300-355,198,1209,C,12,H,5,105,107,209.55,232.34,58.553,"Harper et al., 2024",4.72
M. velascoensis,300-355,198,1209,C,12,H,5,115,117,209.65,232.44,58.571,"Harper et al., 2024",4.53
M. velascoensis,300-355,198,1209,C,12,H,5,125,127,209.75,232.534,58.589,"Harper et al., 2024",4.42
M. velascoensis,300-355,198,1209,C,12,H,5,135,137,209.85,232.622,58.605,"Harper et al., 2024",4.75
M. velascoensis,300-355,198,1209,C,12,H,5,145,147,209.95,232.711,58.621,"Harper et al., 2024",4.6
M. velascoensis,300-355,198,1209,C,12,H,6,5,7,210.05,232.799,58.638,"Harper et al., 2024",4.49
M. velascoensis,300-355,198,1209,C,12,H,6,15,17,210.15,232.887,58.654,"Harper et al., 2024",4.54
M. velascoensis,300-355,198,1209,C,12,H,6,25,27,210.25,232.978,58.671,"Harper et al., 2024",4.57
M. velascoensis,300-355,198,1209,C,12,H,6,35,37,210.35,233.073,58.688,"Harper et al., 2024",4.4
,,,,,,,,,,,,,,
A. soldadoensis,250-355,198,1209,A,21,H,1,5,6,188.75,207.89,53.084,"Harper et al., 2024",2.07
A. soldadoensis,250-355,198,1209,A,21,H,1,10,11,188.8,208.0693,53.123,"Harper et al., 2024",1.94
A. soldadoensis,250-355,198,1209,A,21,H,1,15,16,188.85,208.2485,53.162,"Harper et al., 2024",2.1
A. soldadoensis,250-355,198,1209,A,21,H,1,20,21,188.9,208.4278,53.2,"Harper et al., 2024",2.24
A. soldadoensis,250-355,198,1209,A,21,H,1,25,26,188.95,208.6071,53.229,"Harper et al., 2024",1.82
A. soldadoensis,250-355,198,1209,A,21,H,1,30,31,189,208.7863,53.262,"Harper et al., 2024",2.5
A. soldadoensis,250-355,198,1209,A,21,H,1,35,36,189.05,208.9656,53.304,"Harper et al., 2024",2.35
A. soldadoensis,250-355,198,1209,A,21,H,1,40,41,189.1,209.1449,53.343,"Harper et al., 2024",2.27
A. soldadoensis,250-355,198,1209,A,21,H,1,45,46,189.15,209.3241,53.385,"Harper et al., 2024",2.39
A. soldadoensis,250-355,198,1209,A,21,H,1,50,51,189.2,209.3949,53.404,"Harper et al., 2024",2.63
A. soldadoensis,250-355,198,1209,A,21,H,1,55,56,189.25,209.4385,53.413,"Harper et al., 2024",2.28
A. soldadoensis,250-355,198,1209,A,21,H,1,60,61,189.3,209.4822,53.422,"Harper et al., 2024",2.49
A. soldadoensis,250-355,198,1209,A,21,H,1,65,66,189.35,209.5258,53.434,"Harper et al., 2024",2.46
A. soldadoensis,250-355,198,1209,A,21,H,1,70,71,189.4,209.5695,53.443,"Harper et al., 2024",2.24
A. soldadoensis,250-355,198,1209,A,21,H,1,75,76,189.45,209.6131,53.453,"Harper et al., 2024",2.13
A. soldadoensis,250-355,198,1209,A,21,H,1,80,81,189.5,209.6567,53.464,"Harper et al., 2024",2.27
A. soldadoensis,250-355,198,1209,A,21,H,1,85,86,189.55,209.7004,53.473,"Harper et al., 2024",2.24
A. soldadoensis,250-355,198,1209,A,21,H,1,90,91,189.6,209.744,53.483,"Harper et al., 2024",1.92
A. soldadoensis,250-355,198,1209,A,21,H,1,95,96,189.65,209.7876,53.494,"Harper et al., 2024",1.75
A. soldadoensis,250-355,198,1209,A,21,H,1,100,101,189.7,209.8313,53.504,"Harper et al., 2024",1.92
A. soldadoensis,250-355,198,1209,A,21,H,1,105,106,189.75,209.8743,53.513,"Harper et al., 2024",2.35
A. soldadoensis,250-355,198,1209,A,21,H,1,110,111,189.8,209.9171,53.525,"Harper et al., 2024",2.01
A. soldadoensis,250-355,198,1209,A,21,H,1,115,116,189.85,209.96,53.534,"Harper et al., 2024",1.75
A. soldadoensis,250-355,198,1209,A,21,H,1,120,121,189.9,210.0029,53.538,"Harper et al., 2024",1.34
A. soldadoensis,250-355,198,1209,A,21,H,1,125,126,189.95,210.0457,53.542,"Harper et al., 2024",1.79
A. soldadoensis,250-355,198,1209,A,21,H,1,130,131,190,210.0907,53.546,"Harper et al., 2024",2
A. soldadoensis,250-355,198,1209,A,21,H,1,135,136,190.05,210.1443,53.551,"Harper et al., 2024",2.11
A. soldadoensis,250-355,198,1209,A,21,H,1,140,141,190.1,210.1979,53.555,"Harper et al., 2024",1.17
A. soldadoensis,250-355,198,1209,A,21,H,1,145,146,190.15,210.2514,53.572,"Harper et al., 2024",2.01
A. soldadoensis,250-355,198,1209,A,21,H,1,150,151,190.2,210.305,53.59,"Harper et al., 2024",2.35
A. soldadoensis,250-355,198,1209,A,21,H,2,5,6,190.25,210.35716,53.605,"Harper et al., 2024",2.07
A. soldadoensis,250-355,198,1209,A,21,H,2,9,10,190.29,210.3914,53.613,"Harper et al., 2024",2.15
A. soldadoensis,250-355,198,1209,A,21,H,2,17,18,190.37,210.49642,53.646,"Harper et al., 2024",2.15
A. soldadoensis,250-355,198,1209,A,21,H,2,20,21,190.4,210.52002,53.652,"Harper et al., 2024",1.92
A. soldadoensis,250-355,198,1209,A,21,H,2,34,35,190.54,210.67,53.673,"Harper et al., 2024",1.46
A. soldadoensis,250-355,198,1209,A,21,H,2,88,89,191.08,211.22712,53.819,"Harper et al., 2024",2.12
A. soldadoensis,250-355,198,1209,A,21,H,2,93,94,191.13,211.27802,53.832,"Harper et al., 2024",2.18
A. soldadoensis,250-355,198,1209,A,21,H,2,95,96,191.15,211.29838,53.837,"Harper et al., 2024",2.45
A. soldadoensis,250-355,198,1209,A,21,H,2,105,106,191.25,211.40018,53.862,"Harper et al., 2024",2.14
A. soldadoensis,250-355,198,1209,A,21,H,2,109,110,191.29,211.4409,53.871,"Harper et al., 2024",1.97
A. soldadoensis,250-355,198,1209,A,21,H,2,119,120,191.39,211.5427,53.891,"Harper et al., 2024",2.5
A. soldadoensis,250-355,198,1209,A,21,H,2,124,125,191.44,211.5936,53.901,"Harper et al., 2024",2.04
A. soldadoensis,250-355,198,1209,A,21,H,2,125,126,191.45,211.60378,53.903,"Harper et al., 2024",2.07
A. soldadoensis,250-355,198,1209,A,21,H,2,130,131,191.5,211.65468,53.914,"Harper et al., 2024",1.75
A. soldadoensis,250-355,198,1209,A,21,H,2,135,136,191.55,211.70558,53.926,"Harper et al., 2024",1.98
A. soldadoensis,250-355,198,1209,A,21,H,2,140,141,191.6,211.75648,53.936,"Harper et al., 2024",2.08
A. soldadoensis,250-355,198,1209,A,21,H,2,145,146,191.65,211.80738,53.946,"Harper et al., 2024",2.04
A. soldadoensis,250-355,198,1209,A,21,H,3,6,7,191.76,211.91928,53.965,"Harper et al., 2024",1.48
A. soldadoensis,250-355,198,1209,A,21,H,3,11,12,191.81,211.9714,53.972,"Harper et al., 2024",1.23
A. soldadoensis,250-355,198,1209,A,21,H,3,21,22,191.91,212.08668,53.991,"Harper et al., 2024",1.89
A. soldadoensis,250-355,198,1209,A,21,H,3,25,26,191.95,212.1374,53.998,"Harper et al., 2024",2.22
A. soldadoensis,250-355,198,1209,A,21,H,3,27,28,191.97,212.1538,54,"Harper et al., 2024",2.17
A. soldadoensis,250-355,198,1209,A,21,H,3,29,30,191.99,212.1766,54.004,"Harper et al., 2024",1.83
A. soldadoensis,250-355,198,1209,A,21,H,3,31,32,192.01,212.1994,54.007,"Harper et al., 2024",2.09
A. soldadoensis,250-355,198,1209,A,21,H,3,33,34,192.03,212.2222,54.01,"Harper et al., 2024",2.23
A. soldadoensis,250-355,198,1209,A,21,H,3,39,40,192.09,212.2906,54.021,"Harper et al., 2024",2.18
A. soldadoensis,250-355,198,1209,A,21,H,3,41,42,192.11,212.3134,54.024,"Harper et al., 2024",1.5
A. soldadoensis,250-355,198,1209,A,21,H,3,43,44,192.13,212.3362,54.029,"Harper et al., 2024",1.55
A. soldadoensis,250-355,198,1209,A,21,H,3,45,46,192.15,212.359,54.032,"Harper et al., 2024",1.64
A. soldadoensis,250-355,198,1209,A,21,H,3,47,48,192.17,212.3818,54.035,"Harper et al., 2024",1.51
A. soldadoensis,250-355,198,1209,A,21,H,3,49,50,192.19,212.4046,54.038,"Harper et al., 2024",1.59
A. soldadoensis,250-355,198,1209,A,21,H,3,51,52,192.21,212.4274,54.042,"Harper et al., 2024",1.41
A. soldadoensis,250-355,198,1209,A,21,H,3,53,54,192.23,212.4502,54.045,"Harper et al., 2024",0.91
A. soldadoensis,250-355,198,1209,A,21,H,3,59,60,192.29,212.5186,54.062,"Harper et al., 2024",0.88
A. soldadoensis,250-355,198,1209,A,21,H,3,60,61,192.3,212.53,54.067,"Harper et al., 2024",0.83
A. soldadoensis,250-355,198,1209,A,21,H,3,63,64,192.33,212.5594,54.08,"Harper et al., 2024",1.65
A. soldadoensis,250-355,198,1209,A,21,H,3,65,66,192.35,212.579,54.089,"Harper et al., 2024",2.11
A. soldadoensis,250-355,198,1209,A,21,H,3,67,68,192.37,212.5986,54.098,"Harper et al., 2024",2.2
A. soldadoensis,250-355,198,1209,A,21,H,3,69,70,192.39,212.6182,54.107,"Harper et al., 2024",2.05
A. soldadoensis,250-355,198,1209,A,21,H,3,71,72,192.41,212.6378,54.116,"Harper et al., 2024",2.11
A. soldadoensis,250-355,198,1209,A,21,H,3,73,74,192.43,212.6573,54.125,"Harper et al., 2024",2.04
A. soldadoensis,250-355,198,1209,A,21,H,3,75,76,192.45,212.6769,54.134,"Harper et al., 2024",2.39
A. soldadoensis,250-355,198,1209,A,21,H,3,80,81,192.5,212.7259,54.157,"Harper et al., 2024",2.34
A. soldadoensis,250-355,198,1209,A,21,H,3,83,84,192.53,212.7553,54.17,"Harper et al., 2024",2.25
A. soldadoensis,250-355,198,1209,A,21,H,3,88,89,192.58,212.8043,54.188,"Harper et al., 2024",2.32
A. soldadoensis,250-355,198,1209,A,21,H,3,93,94,192.63,212.8533,54.211,"Harper et al., 2024",2.26
A. soldadoensis,250-355,198,1209,A,21,H,3,98,99,192.68,212.9022,54.233,"Harper et al., 2024",2.28
A. soldadoensis,250-355,198,1209,A,21,H,3,102,103,192.72,212.9414,54.251,"Harper et al., 2024",2.08
A. soldadoensis,250-355,198,1209,A,21,H,3,105,106,192.75,212.9708,54.265,"Harper et al., 2024",2.07
A. soldadoensis,250-355,198,1209,A,21,H,3,109,110,192.79,213.01,54.283,"Harper et al., 2024",1.95
A. soldadoensis,250-355,198,1209,A,21,H,3,111,112,192.81,213.0296,54.292,"Harper et al., 2024",1.95
A. soldadoensis,250-355,198,1209,A,21,H,3,119,120,192.89,213.108,54.328,"Harper et al., 2024",2.38
A. soldadoensis,250-355,198,1209,A,21,H,3,125,126,192.95,213.1668,54.355,"Harper et al., 2024",2.13
A. soldadoensis,250-355,198,1209,A,21,H,3,139,140,193.09,213.304,54.413,"Harper et al., 2024",2.33
A. soldadoensis,250-355,198,1209,A,21,H,3,145,146,193.15,213.36268,54.44,"Harper et al., 2024",2.23
A. soldadoensis,250-355,198,1209,A,21,H,3,149,150,193.19,213.4018,54.458,"Harper et al., 2024",2.14
A. soldadoensis,250-355,198,1209,A,21,H,4,5,6,193.25,213.4609429,54.483,"Harper et al., 2024",2.55
A. soldadoensis,250-355,198,1209,A,21,H,4,9,10,193.29,213.5003714,54.499,"Harper et al., 2024",2.45
A. soldadoensis,250-355,198,1209,A,21,H,4,15,16,193.35,213.5595143,54.523,"Harper et al., 2024",3.07
A. soldadoensis,250-355,198,1209,A,21,H,4,18,19,193.38,213.5890857,54.535,"Harper et al., 2024",2.58
A. soldadoensis,250-355,198,1209,A,21,H,4,25,26,193.45,213.658275,54.563,"Harper et al., 2024",2.69
A. soldadoensis,250-355,198,1209,A,21,H,4,29,30,193.49,213.697855,54.579,"Harper et al., 2024",2.79
A. soldadoensis,250-355,198,1209,A,21,H,4,35,37,193.55,213.7588,54.603,"Harper et al., 2024",2.71
A. soldadoensis,250-355,198,1209,A,21,H,4,39,40,193.59,213.7967,54.62,"Harper et al., 2024",2.44
A. soldadoensis,250-355,198,1209,A,21,H,4,45,46,193.65,213.8563,54.644,"Harper et al., 2024",2.62
A. soldadoensis,250-355,198,1209,A,21,H,4,49,50,193.69,213.896,54.66,"Harper et al., 2024",2.9
A. soldadoensis,250-355,198,1209,A,21,H,4,55,57,193.75,213.9623,54.684,"Harper et al., 2024",2.77
A. soldadoensis,250-355,198,1209,A,21,H,4,59,60,193.79,213.9947,54.696,"Harper et al., 2024",2.73
A. soldadoensis,250-355,198,1209,A,21,H,4,75,77,193.95,214.1658,54.777,"Harper et al., 2024",2.79
A. soldadoensis,250-355,198,1209,A,21,H,4,95,97,194.15,214.313,54.853,"Harper et al., 2024",2.62
A. soldadoensis,250-355,198,1209,A,21,H,4,115,117,194.35,214.4602,54.895,"Harper et al., 2024",2.58
A. soldadoensis,250-355,198,1209,A,21,H,4,135,137,194.55,214.6074,54.936,"Harper et al., 2024",3.05
A. soldadoensis,250-355,198,1209,A,21,H,5,5,7,194.75,214.85,55.011,"Harper et al., 2024",3.09
A. soldadoensis,250-355,198,1209,A,21,H,5,25,27,194.95,215.05,55.079,"Harper et al., 2024",3.11
A. soldadoensis,250-355,198,1209,A,21,H,5,45,47,195.15,215.25,55.138,"Harper et al., 2024",2.83
A. soldadoensis,250-355,198,1209,A,21,H,5,65,67,195.35,215.45,55.197,"Harper et al., 2024",2.68
A. soldadoensis,250-355,198,1209,C,11,H,2,125,127,195.75,216.58,55.56,"Harper et al., 2024",2.91
A. soldadoensis,250-355,198,1209,C,11,H,2,135,137,195.85,216.68,55.594,"Harper et al., 2024",2.76